"Mahonia microphylla","Mahonia napaulensis","Mahonia bealei","Mahonia longibracteata","Mahonia decipiens","Mahonia japonica","Mahonia shenii","Mahonia cardiophylla","Mahonia bodinieri","Mahonia oiwakensis","Mahonia nitens","Mahonia bracteolata","Mahonia breviracema","Mahonia imbricata","Mahonia subimbricata","Mahonia sheridaniana","Mahonia philippinensis","Mahonia monyulensis","Mahonia polyodonta","Mahonia calamicaulis subsp. kingdon-wardiana","Mahonia gracilipes","Mahonia leptodonta","Mahonia duclouxiana","Mahonia taronensis","Mahonia paucijuga","Mahonia fordii","Mahonia hancockiana","Mahonia fortunei","Mahonia eurybracteata subsp. ganpinensis","Mahonia setosa","Mahonia nervosa","Mahonia retinervis","Mahonia conferta","Mahonia chochoco","Mahonia dictyota","Mahonia alpina","Mahonia volcania","Mahonia repens","Mahonia pumila","Mahonia gracilis","Mahonia lanceolata","Mahonia pallida","Mahonia hartwegii","Mahonia aquifolium","Mahonia pinnata","Mahonia moranensis"
2.69,2.3,1.33,2.43,1.71,1.83,2.83,2.3,2.95,3.79,4.16,3.56,2.95,2.43,3.09,2.95,3.95,3.3,3.3,3.57,3.36,3.57,3.36,3.36,2.99,3.23,2.96,6.62,9.62,3.96,1.96,2.03,2.16,3.16,1.86,1.51,1.96,2.2,2.01,2.2,10.83,3.86,3.2,2.34,2.33,2.33
2.23,1.61,1.93,1.7,1.65,1.65,2.65,2.16,2.6,2.6,3.33,2.6,2.6,1.74,2.68,2.35,2.35,2.35,3.17,3.23,2.79,3.23,3.27,3.83,3.06,3.46,2.86,6.19,7.3,4.86,1.64,1.64,1.64,2.53,2.69,1.64,1.64,1.64,1.45,1.64,9.08,3.08,2.64,2.47,2.21,2.93
2.76,2.34,1.34,2.47,1.72,1.72,2.41,2.41,2.85,3.85,4.21,3.62,3.62,2.47,3.16,3.04,4.04,3.34,3.34,3.51,3.41,3.41,3.41,3.41,3.04,3.28,3.01,6.7,9.7,4.01,2.01,2.07,2.21,3.21,3.61,1.52,2.01,2.23,2.04,2.23,11,3.92,3.23,2.35,2.34,2.34
2.57,2.19,2.28,2.34,2.24,2.5,2.5,2.5,3.5,3.5,3.48,3.01,3.12,2.39,3.28,2.39,4.17,2.39,2.66,3.54,2.66,3.66,3.54,3.66,3.64,3.19,3.01,6.01,8.67,5.9,2.01,1.86,1.66,4.43,2.36,1.66,1.86,1.86,1.68,1.73,8.5,3.61,3.61,2.61,2.64,2.64
3.12,2.58,2.25,2.69,1.77,2.04,3.04,2.46,3.36,4.15,4.43,3.97,3.36,2.65,3.56,3.52,4.52,3.61,3.61,3.96,3.7,3.96,3.7,3.7,3.52,3.59,3.23,7.14,10.14,5.32,1.87,2.32,1.87,3.68,3.19,1.87,2.23,2.37,2.23,1.87,9.77,3.77,2.87,2.84,2.3,3.25
2.34,1.7,2.09,1.99,1.89,2.04,2.04,2.04,3.04,3.04,2.95,2.25,2.74,2.23,2.75,2.23,3.26,2.23,2.39,2.9,2.39,3.39,2.9,3.39,3.29,2.7,2.59,5.59,7.13,5.1,1.59,1.39,1.39,3.41,2.93,1.39,1.73,2.24,1.49,1.68,7.7,3.19,3.19,2.19,2.29,2.29
2.63,2.32,2.33,2.43,2.33,2.62,2.62,2.62,3.62,3.62,3.62,3.21,3.22,2.43,3.42,2.43,4.4,2.43,2.73,3.71,2.73,3.73,3.71,3.73,3.73,3.32,3.12,6.12,9.08,6.11,2.12,1.91,1.73,4.7,3.27,1.73,1.91,1.91,1.73,1.74,8.71,3.72,3.72,2.72,2.73,2.73
1.59,1.38,1.64,1.39,1.56,1.29,2.29,1.89,1.91,2.89,3.48,2.49,1.91,1.87,1.9,1.51,2.51,2.48,2.84,2.56,2.53,2.56,2.56,3.54,2.64,3.42,2.44,5.3,8.3,4.44,1.43,1.28,1.43,1.48,3.27,1.43,1.28,1.77,1.44,1.43,8.46,2.46,2.43,2.14,2.12,2.64
1.95,1.5,1.78,1.54,1.61,1.47,2.47,2.02,2.25,3.18,3.7,2.84,2.25,2.06,2.29,1.98,2.98,2.75,3.01,2.89,2.66,2.89,2.91,3.68,2.85,3.44,2.65,5.35,6.88,4.65,1.54,1.53,1.54,2,1.91,1.54,1.5,1.91,1.34,1.54,8.77,2.77,2.54,2.31,2.17,2.78
1.81,1.72,1.19,1.9,1.59,1.4,2.4,1.97,2.11,3.06,3.61,2.7,2.11,1.98,2.13,1.79,2.79,2.64,2.64,2.76,2.65,2.76,2.65,2.65,2.34,2.47,2.41,5.56,8.56,4.57,1.49,1.43,1.49,1.79,2.68,1.49,1.41,1.85,1.55,1.49,8.64,2.64,2.85,2.19,2.19,2.19
2.34,2.07,1.28,2.22,1.66,1.66,2.11,2.11,2.5,3.5,3.94,3.22,3.22,2.25,2.71,2.49,3.49,3.03,3.03,3.24,3.08,3.08,3.08,3.08,2.73,2.93,2.74,6.2,9.2,3.74,1.74,1.79,1.88,2.88,2.56,1.43,1.74,2.06,1.93,2.06,9.88,3.52,3.06,2.28,2.28,2.28
3.23,2.65,1.42,2.75,1.78,2.09,3.09,2.5,3.46,4.24,4.5,4.08,3.46,2.71,3.67,3.66,4.66,3.69,3.69,4.06,3.79,4.06,3.79,3.79,3.38,3.68,3.3,7.26,10.26,5.38,1.9,2.4,1.9,3.83,3.1,1.9,2.3,2.41,2.29,1.9,9.86,3.86,3.41,2.43,2.42,2.42
2.1,1.19,1.89,1.64,1.54,1.58,1.58,1.58,2.58,2.58,2.41,1.48,2.35,2.07,2.21,2.07,2.34,2.07,2.11,2.24,2.11,3.11,2.24,3.11,2.94,2.19,2.17,5.17,5.56,4.3,1.17,1.11,1.11,2.38,3.12,1.11,1.72,1.85,1.29,1.64,6.9,2.77,2.77,1.77,1.94,1.94
1.91,1.52,1.81,1.58,1.5,1.75,1.75,1.75,2.75,2.32,3.16,2.32,2.5,1.5,2.28,2.15,2.15,2.15,3.04,2.49,2.68,2.96,2.49,3.22,2.89,3.45,2.69,5.52,6.97,4.6,1.56,1.56,1.56,2.11,3.57,1.22,1.56,1.56,1.36,1.56,8.83,2.83,2.56,2.34,2.17,2.81
2.55,2.2,1.31,2.35,1.69,1.69,2.26,2.26,2.67,3.67,4.07,3.42,3.42,2.36,2.93,2.76,3.76,3.19,3.19,3.37,3.25,3.25,3.25,3.25,2.88,3.1,2.87,6.45,9.45,3.87,1.87,1.93,2.05,3.05,3.2,1.47,1.87,2.15,1.97,2.15,10.44,3.72,3.15,2.32,2.31,2.31
2.49,1.78,2.21,1.94,1.91,2.34,2.34,2.34,3.34,3.11,3.66,3.11,2.99,2.18,3.43,2.73,2.73,2.73,2.56,3.32,2.97,3.56,3.32,3.56,3.51,3.02,2.87,5.87,8.13,5.62,1.87,1.8,1.56,4.07,2.88,1.56,1.8,1.8,1.61,1.71,8.22,3.47,3.47,2.72,2.51,2.51
2.52,1.82,2.19,1.98,1.96,2.41,2.41,2.41,3.41,3.21,3.72,3.21,3.05,2.25,3.56,2.79,2.79,2.79,2.6,3.41,3.01,3.6,3.41,3.6,3.43,3.09,2.93,7.66,8.04,5.74,1.83,1.83,1.83,3.45,2.55,1.6,1.83,1.83,1.64,1.83,9.64,3.64,2.83,2.77,2.28,3.19
2.66,2.28,1.33,2.42,1.7,1.7,2.34,2.34,2.77,3.77,4.15,3.53,3.53,2.42,3.06,2.92,3.92,3.28,3.28,3.45,3.34,3.34,3.34,3.34,2.97,3.2,2.95,6.59,9.59,3.95,1.95,2.01,2.14,3.14,2.15,1.5,1.95,2.19,2,2.19,10.75,3.83,3.19,2.34,2.33,2.33
2.24,1.48,2,1.84,1.57,1.85,1.85,1.85,2.85,2.85,2.72,1.93,2.58,2.17,2.52,2.17,2.87,2.17,2.27,2.63,2.27,3.27,2.63,3.27,3.14,2.48,2.41,5.41,6.47,4.77,1.41,1.6,1.27,2.98,3.3,1.27,1.6,1.6,1.4,1.66,7.37,3.01,3.01,2.01,2.14,2.14
2.87,1.79,2.15,1.94,1.73,1.91,2.91,2.36,3.12,3.94,4.28,3.73,3.12,2.53,3.28,3.19,4.19,3.43,3.43,3.73,2.98,3.73,3.81,4.05,3.38,3.5,3.18,7.45,7.94,5.18,1.8,2.15,1.8,3.32,3.43,1.8,2.08,2.27,2.1,1.8,9.56,3.56,2.8,2.73,2.27,3.15
3.1,2.57,1.4,2.68,1.76,1.76,2.66,2.66,3.14,4.14,4.42,3.96,3.96,2.64,3.54,3.49,4.49,3.6,3.6,3.72,3.69,3.69,3.69,3.69,3.29,3.58,3.22,7.12,10.12,4.22,2.22,2.31,2.49,3.49,2.86,1.6,2.22,2.37,2.1,2.37,11.94,4.26,3.37,2.41,2.4,2.4
1.46,1.4,1.65,1.4,1.31,1.31,2.31,1.9,1.95,1.95,2.92,1.95,1.95,1.18,1.73,1.87,1.87,1.87,2.86,2.59,2.55,2.59,2.6,3.55,2.67,3.42,2.47,4.6,6.51,4.47,1.44,1.44,1.44,1.53,3.07,1.44,1.44,1.44,1.24,1.44,8.49,2.49,2.44,2.16,2.13,2.65
2.02,1.37,1.82,1.37,1.27,1.42,1.42,1.42,2.42,1.87,2.87,1.87,2.22,1.12,1.62,1.82,1.82,1.82,2.02,2.02,2.52,3.02,2.02,3.02,2.82,2.02,2.02,5.02,5.02,4.02,1.02,1.42,1.02,2.02,2.72,1.02,1.42,1.42,1.22,1.62,6.62,2.62,2.62,2.12,1.82,1.82
3.04,1.84,2.22,2.01,2,2,3,2.43,3.29,3.29,3.77,3.29,3.29,2.32,3.68,2.85,2.85,2.85,3.51,3.89,3.03,3.89,3.98,4.12,3.48,3.51,3.28,7.85,8.14,5.28,1.85,1.85,1.85,3.56,2.87,1.85,1.85,1.85,1.67,1.85,9.71,3.71,2.85,2.81,2.29,3.22
2.4,1.83,2.14,2.08,1.79,2.17,2.17,2.17,3.17,3.17,3.09,2.46,2.85,2.28,2.89,2.28,3.5,2.28,2.46,3.07,2.46,3.46,3.07,3.46,3.38,2.83,2.71,5.71,7.54,5.32,1.71,1.73,1.46,3.69,1.91,1.46,1.73,1.73,1.54,1.69,7.92,3.31,3.31,2.61,2.38,2.38
1.64,1.45,1.72,1.47,1.39,1.39,2.39,1.96,2.1,2.1,3.02,2.1,2.1,1.31,1.95,1.99,1.99,1.99,2.93,2.74,2.6,2.74,2.76,3.62,2.76,3.43,2.56,4.98,6.7,4.56,1.49,1.42,1.49,1.77,2.71,1.49,1.4,1.85,1.29,1.49,8.63,2.63,2.49,2.23,2.15,2.72
1.98,1.83,1.22,2.01,1.61,1.61,1.86,1.86,2.2,3.2,3.72,2.87,2.87,2.07,2.32,2.01,3.01,2.77,2.77,3.02,2.79,2.79,2.79,2.79,2.46,2.62,2.52,5.76,8.76,3.52,1.52,1.54,1.59,2.59,3.03,1.35,1.52,1.92,1.64,1.92,8.9,3.17,2.92,2.22,2.22,2.22
1.55,1.42,1.69,1.44,1.35,1.54,1.54,1.54,2.54,2.03,2.97,2.03,2.32,1.25,1.85,1.93,1.93,1.93,2.9,2.18,2.58,2.67,2.18,3.09,2.71,3.43,2.51,4.8,6.61,4.22,1.47,1.47,1.47,1.66,2.15,1.09,1.47,1.47,1.27,1.47,8.56,2.56,2.47,2.2,2.14,2.69
2.31,1.63,2.07,1.73,1.67,2,2,2,3,2.65,3.37,2.65,2.7,1.79,2.76,2.39,2.39,2.39,2.36,2.84,2.81,3.36,2.84,3.36,3.26,2.65,2.55,5.55,6.98,5.03,1.55,1.66,1.36,3.31,3.51,1.36,1.66,1.66,1.47,1.68,7.63,3.15,3.15,2.5,2.26,2.26
1.61,1.44,1.71,1.46,1.37,1.37,2.37,1.95,2.07,2.07,3,2.07,2.07,1.29,1.91,1.97,1.97,1.97,2.92,2.72,2.59,2.72,2.73,3.61,2.74,3.43,2.54,4.91,6.66,4.54,1.48,1.48,1.48,1.72,3.43,1.48,1.48,1.48,1.28,1.48,8.6,2.6,2.48,2.22,2.14,2.71
2.23,1.47,2,1.84,1.74,1.84,1.84,1.84,2.84,2.84,2.71,1.91,2.57,2.16,2.51,2.16,2.85,2.16,2.27,2.61,2.27,3.27,2.61,3.27,3.14,2.47,2.4,5.4,6.44,4.75,1.4,1.27,1.27,2.95,2.76,1.27,1.73,2.07,1.4,1.66,7.35,3,3,2,2.14,2.14
3.28,2.68,1.43,2.78,1.79,2.12,3.12,2.52,3.51,4.28,4.53,4.13,3.51,2.73,3.73,3.73,4.73,3.73,3.73,4.11,3.83,4.11,3.83,3.83,3.42,3.73,3.33,7.33,10.33,4.33,2.33,2.43,2.63,3.63,2.02,1.64,2.33,2.44,2.31,2.44,12.41,4.43,3.44,2.44,2.43,2.43
2.47,2.15,1.3,2.3,1.68,1.68,2.2,2.2,2.61,3.61,4.03,3.34,3.34,2.32,2.85,2.66,3.66,3.13,3.13,3.33,3.18,3.18,3.18,3.18,2.83,3.04,2.83,6.35,9.35,3.83,1.83,1.88,1.98,2.98,2.52,1.46,1.83,2.11,1.96,2.11,10.23,3.64,3.11,2.3,2.3,2.3
2.28,1.57,2.04,1.9,1.62,1.93,1.93,1.93,2.93,2.93,2.81,2.06,2.65,2.2,2.61,2.2,3.03,2.2,2.32,2.74,2.32,3.32,2.74,3.32,3.2,2.57,2.49,5.49,6.74,4.91,1.49,1.63,1.32,3.16,3.42,1.32,1.63,1.63,1.44,1.67,7.51,3.09,3.09,2.09,2.2,2.2
2.78,2.36,1.35,2.49,1.72,1.87,2.87,2.33,3.04,3.87,4.22,3.65,3.04,2.48,3.19,3.07,4.07,3.36,3.36,3.65,3.43,3.65,3.43,3.43,3.06,3.31,3.02,6.73,9.73,4.02,2.02,2.09,2.23,3.23,2.37,1.53,2.02,2.24,2.06,2.24,11.07,3.95,3.24,2.36,2.35,2.35
2.14,1.27,1.92,1.69,1.59,1.65,1.65,1.65,2.65,2.65,2.49,1.6,2.41,2.1,2.29,2.1,2.47,2.1,2.16,2.34,2.16,3.16,2.34,3.16,2.99,2.27,2.23,5.23,5.79,4.42,1.23,1.16,1.16,2.53,2.09,1.16,1.72,1.91,1.32,1.64,7.02,2.83,2.83,1.83,1.99,1.99
2.52,1.82,2.19,1.98,1.96,2.41,2.41,2.41,3.41,3.21,3.72,3.21,3.05,2.26,3.57,2.79,2.79,2.79,2.6,3.42,3.01,3.6,3.42,3.6,3.43,3.09,2.93,7.67,8.04,5.74,1.83,1.83,1.83,3.45,2.66,1.6,1.83,1.83,1.64,1.83,9.64,3.64,2.83,2.77,2.28,3.19
2.5,2.17,1.3,2.32,1.68,1.73,2.73,2.22,2.77,3.63,4.04,3.37,2.77,2.33,2.88,2.7,3.7,3.15,3.15,3.39,3.21,3.39,3.21,3.21,2.85,3.06,2.84,6.39,9.39,4.96,1.69,1.9,1.69,2.78,3.1,1.69,1.84,2.13,1.91,1.69,9.24,3.67,3.13,2.31,2.3,2.3
2.27,1.6,1.91,1.68,1.65,1.62,2.62,2.14,2.55,3.45,3.9,3.15,2.55,2.22,2.63,2.4,3.4,2.98,3.15,3.18,2.77,3.18,3.22,3.81,3.03,3.46,2.83,6.08,7.25,4.83,1.63,1.74,1.63,2.46,3.58,1.63,1.7,2.04,1.44,1.63,9.04,3.04,2.63,2.45,2.2,2.91
3.19,2.62,1.41,2.73,1.78,1.78,2.72,2.72,3.2,4.2,4.48,4.04,4.04,2.69,3.63,3.6,4.6,3.66,3.66,3.78,3.76,3.76,3.76,3.76,3.35,3.65,3.28,7.22,10.22,4.28,2.28,2.37,2.56,3.56,3.54,1.62,2.28,2.4,2.12,2.4,12.16,4.34,3.4,2.42,2.41,2.41
1.63,1.6,1.16,1.8,1.56,1.56,1.61,1.61,1.92,2.92,3.5,2.53,2.53,1.89,1.94,1.55,2.55,2.51,2.51,2.8,2.51,2.51,2.51,2.51,2.21,2.32,2.3,5.35,8.35,3.3,1.3,1.3,1.31,2.31,3.15,1.27,1.3,1.78,1.77,1.78,7.96,2.83,2.78,2.16,2.16,2.16
3.12,2.58,1.4,2.69,1.77,1.77,2.67,2.67,3.15,4.15,4.43,3.97,3.97,2.65,3.55,3.51,4.51,3.61,3.61,3.73,3.7,3.7,3.7,3.7,3.3,3.59,3.23,7.13,10.13,4.23,2.23,2.32,2.5,3.5,2.32,1.6,2.23,2.37,2.1,2.37,11.97,4.27,3.37,2.41,2.4,2.4
2.51,1.81,2.23,1.97,1.95,2.39,2.39,2.39,3.39,3.18,3.7,3.18,3.03,2.23,3.53,2.77,2.77,2.77,2.59,3.39,3,3.59,3.39,3.59,3.55,3.07,2.91,7.6,8.01,5.7,1.82,1.82,1.82,3.41,3.3,1.59,1.82,1.82,1.63,1.82,9.61,3.61,3.51,2.76,2.55,2.55
2.96,1.82,2.19,1.98,1.96,2.41,2.41,2.41,3.41,3.21,3.73,3.21,3.05,2.26,3.58,2.8,2.8,2.8,3.47,3.42,3.01,3.82,3.42,3.61,3.43,3.5,3.23,7.68,8.05,5.75,1.83,1.83,1.83,3.46,2.93,1.61,1.83,1.83,1.64,1.83,9.64,3.64,2.83,2.77,2.28,3.19
3.1,2.56,1.4,2.68,1.76,1.76,2.65,2.65,3.13,4.13,4.42,3.95,3.95,2.64,3.53,3.49,4.49,3.6,3.6,3.72,3.69,3.69,3.69,3.69,3.29,3.58,3.22,7.11,10.11,4.22,2.22,2.31,2.49,3.49,2.69,1.6,2.22,2.36,2.22,2.36,11.92,4.25,3.36,2.41,2.4,2.4
2.46,1.68,2.01,1.79,1.75,1.75,2.75,2.23,2.8,2.8,3.46,2.8,2.8,1.91,2.97,2.49,2.49,2.49,3.27,3.42,2.86,3.42,3.47,3.91,3.18,3.48,2.98,6.66,7.54,4.98,1.7,1.7,1.7,2.82,3.43,1.7,1.7,1.7,1.51,1.7,9.26,3.26,2.7,2.57,2.23,3.01
3.21,2.64,1.42,2.75,1.78,1.78,2.74,2.74,3.23,4.23,4.49,4.07,4.07,2.7,3.66,3.64,4.64,3.68,3.68,3.79,3.78,3.78,3.78,3.78,3.37,3.68,3.29,7.25,10.25,4.29,2.29,2.39,2.58,3.58,3.27,1.62,2.29,2.41,2.12,2.41,12.24,4.37,3.41,2.43,2.42,2.42
2.38,1.63,1.95,1.73,1.66,1.68,2.68,2.18,2.66,3.54,3.97,3.26,2.66,2.28,2.75,2.54,3.54,3.07,3.2,3.28,2.81,3.28,3.33,3.85,3.1,3.47,2.9,6.25,9.25,4.9,1.66,1.82,1.66,2.61,3.31,1.66,1.77,2.08,1.85,1.66,9.14,3.14,2.66,2.5,2.22,2.95
2.09,1.57,1.88,1.65,1.58,1.58,2.58,2.11,2.48,2.48,3.26,2.48,2.48,1.64,2.51,2.26,2.26,2.26,3.12,3.11,2.74,3.11,3.15,3.78,2.99,3.46,2.79,5.9,7.16,4.79,1.6,1.69,1.6,2.34,3.52,1.6,1.65,2,1.41,1.6,8.97,2.97,2.6,2.42,2.19,2.88
2.41,1.72,2.15,1.84,1.8,2.19,2.19,2.19,3.19,2.91,3.53,2.91,2.86,2,3.13,2.58,2.58,2.58,2.47,3.1,2.9,3.47,3.1,3.47,3.4,2.85,2.72,5.72,7.61,5.35,1.72,1.73,1.47,3.73,3.26,1.47,1.73,1.73,1.55,1.7,7.95,3.32,3.32,2.62,2.4,2.4
2.12,1.92,1.24,2.09,1.63,1.63,1.96,1.96,2.32,3.32,3.81,3,3,2.14,2.47,2.2,3.2,2.87,2.87,3.11,2.91,2.91,2.91,2.91,2.57,2.74,2.61,5.94,8.94,3.61,1.61,1.64,1.71,2.71,3.03,1.38,1.61,1.98,1.72,1.98,9.29,3.3,2.98,2.25,2.24,2.24
2.22,1.44,1.99,1.81,1.71,1.81,1.81,1.81,2.81,2.81,2.67,1.87,2.55,2.15,2.47,2.15,2.8,2.15,2.25,2.57,2.25,3.25,2.57,3.25,3.11,2.44,2.38,5.38,6.34,4.7,1.38,1.25,1.25,2.89,3.13,1.25,1.73,2.05,1.39,1.66,7.3,2.98,2.98,1.98,2.11,2.11
2.1,1.54,1.84,1.61,1.63,1.54,2.54,2.08,2.39,3.31,3.8,2.99,2.39,2.13,2.45,2.18,3.18,2.86,3.07,3.03,2.71,3.03,3.06,3.74,2.94,3.45,2.74,5.69,7.06,4.74,1.58,1.63,1.58,2.22,2.36,1.58,1.6,1.97,1.71,1.58,8.9,2.9,2.58,2.37,2.18,2.84
2.24,1.62,1.93,1.71,1.65,1.97,1.97,1.97,2.97,2.61,3.34,2.61,2.68,1.75,2.7,2.36,2.36,2.36,3.18,2.79,2.79,3.24,2.79,3.34,3.07,3.46,2.87,6.21,7.32,4.97,1.64,1.64,1.64,2.54,2.34,1.34,1.64,1.64,1.45,1.64,9.09,3.09,2.64,2.48,2.21,2.93
2.51,2.18,1.3,2.32,1.68,1.68,2.23,2.23,2.64,3.64,4.05,3.38,3.38,2.34,2.89,2.71,3.71,3.16,3.16,3.35,3.22,3.22,3.22,3.22,2.86,3.07,2.85,6.4,9.4,3.85,1.85,1.91,2.02,3.02,2.78,1.47,1.85,2.13,1.97,2.13,10.34,3.68,3.13,2.31,2.3,2.3
2.43,1.89,2.16,2.12,2.02,2.22,2.22,2.22,3.22,3.22,3.15,2.55,2.89,2.3,2.95,2.3,3.61,2.3,2.49,3.15,2.49,3.49,3.15,3.49,3.42,2.89,2.76,5.76,7.73,5.41,1.76,1.49,1.49,3.81,2.29,1.49,1.73,2.39,1.56,1.7,8.01,3.36,3.36,2.36,2.42,2.42
2.93,1.81,2.18,1.97,1.74,1.95,2.95,2.39,3.18,4,4.32,3.79,3.18,2.56,3.35,3.27,4.27,3.48,3.46,3.79,3,3.79,3.87,4.08,3.42,3.5,3.22,6.91,9.91,5.22,1.82,2.2,1.82,3.41,3.27,1.82,2.12,2.3,2.14,1.82,9.61,3.61,2.82,2.76,2.28,3.18
2.73,2.32,1.34,2.45,1.71,1.71,2.39,2.39,2.83,3.83,4.19,3.6,3.6,2.45,3.13,3,4,3.32,3.32,3.49,3.39,3.39,3.39,3.39,3.02,3.26,2.99,6.67,9.67,3.99,1.99,2.06,2.19,3.19,3.44,1.51,1.99,2.22,2.01,2.22,10.93,3.9,3.22,2.35,2.34,2.34
2.26,1.52,2.02,1.87,1.59,1.88,1.88,1.88,2.88,2.88,2.76,1.99,2.61,2.18,2.56,2.18,2.94,2.18,2.29,2.67,2.29,3.29,2.67,3.29,3.17,2.52,2.45,5.45,6.58,4.83,1.45,1.61,1.29,3.05,3.11,1.29,1.61,1.61,1.42,1.67,7.43,3.05,3.05,2.42,2.17,2.17
2.28,1.63,1.95,1.72,1.67,1.67,2.67,2.17,2.64,2.64,3.36,2.64,2.64,1.77,2.74,2.38,2.38,2.38,3.19,3.27,2.8,3.27,3.31,3.85,3.09,3.47,2.89,6.28,7.35,4.89,1.65,1.65,1.65,2.58,2.75,1.65,1.65,1.65,1.46,1.65,9.12,3.12,2.65,2.49,2.21,2.95
3.09,2.56,1.4,2.67,1.76,1.76,2.64,2.64,3.12,4.12,4.41,3.94,3.94,2.64,3.52,3.47,4.47,3.59,3.59,3.71,3.68,3.68,3.68,3.68,3.28,3.57,3.21,7.1,10.1,4.21,2.21,2.3,2.48,3.48,3.42,1.59,2.21,2.36,2.09,2.36,11.89,4.24,3.36,2.41,2.4,2.4
2.05,1.88,1.23,2.05,1.62,1.62,1.91,1.91,2.26,3.26,3.76,2.94,2.94,2.11,2.39,2.11,3.11,2.82,2.82,3.06,2.85,2.85,2.85,2.85,2.52,2.68,2.56,5.85,8.85,3.56,1.56,1.59,1.65,2.65,3.18,1.36,1.56,1.95,1.86,1.95,9.1,3.24,2.95,2.23,2.23,2.23
2.57,2.2,2.28,2.34,2.24,2.51,2.51,2.51,3.51,3.51,3.49,3.02,3.13,2.4,3.29,2.4,4.18,2.4,2.66,3.56,2.66,3.66,3.56,3.66,3.64,3.2,3.02,6.02,8.7,5.91,2.02,1.87,1.66,4.45,2.82,1.66,1.87,1.87,1.68,1.73,8.51,3.62,3.62,2.62,2.64,2.64
1.93,1.49,1.77,1.53,1.6,1.45,2.45,2.01,2.23,3.16,3.69,2.82,2.23,2.04,2.26,1.95,2.95,2.73,2.99,2.87,2.65,2.87,2.89,3.67,2.84,3.44,2.64,5.29,6.85,4.64,1.53,1.51,1.53,1.96,2.86,1.53,1.49,1.9,1.61,1.53,8.74,2.74,2.53,2.29,2.16,2.77
1.89,1.52,1.81,1.57,1.5,1.5,2.5,2.04,2.31,2.31,3.15,2.31,2.31,1.49,2.26,2.14,2.14,2.14,3.03,2.95,2.68,2.95,2.97,3.71,2.89,3.45,2.69,5.48,6.95,4.69,1.55,1.55,1.55,2.08,3.43,1.55,1.55,1.55,1.36,1.55,8.82,2.82,2.55,2.33,2.17,2.81
3.12,1.86,2.25,2.04,2.03,2.51,2.51,2.51,3.51,3.35,3.81,3.35,3.13,2.37,3.77,2.89,2.89,2.89,3.54,3.56,3.06,3.95,3.56,3.66,3.52,3.51,3.32,8,8.21,5.32,1.87,1.87,1.87,3.66,3.23,1.87,1.87,1.87,1.69,1.87,9.76,3.76,2.87,2.84,2.3,3.25
2.84,1.78,2.15,1.93,1.91,2.34,2.34,2.34,3.34,3.11,3.66,3.11,2.99,2.17,3.43,2.72,2.72,2.72,3.42,3.32,2.97,3.73,3.32,3.56,3.37,3.5,3.17,7.43,7.93,5.17,1.8,1.8,1.8,3.3,2.83,1.8,1.8,1.8,1.61,1.8,9.55,3.55,2.8,2.72,2.27,3.15
2.08,1.16,1.87,1.61,1.36,1.55,1.55,1.55,2.55,2.55,2.37,1.43,2.32,2.06,2.17,2.06,2.27,2.06,2.09,2.2,2.09,3.09,2.2,3.09,2.91,2.16,2.14,5.14,5.44,4.24,1.14,1.47,1.09,2.3,3.26,1.09,1.47,1.47,1.27,1.63,6.84,2.74,2.74,1.74,1.91,1.91
2.29,1.61,2.05,1.7,1.64,1.96,1.96,1.96,2.96,2.6,3.33,2.6,2.67,1.74,2.68,2.35,2.35,2.35,2.34,2.78,2.78,3.34,2.78,3.34,3.22,2.6,2.51,5.51,6.83,4.95,1.51,1.64,1.34,3.22,2.6,1.34,1.64,1.64,1.45,1.67,7.55,3.08,3.11,2.47,2.22,2.22
3.21,2.64,1.42,2.74,1.78,1.78,2.73,2.73,3.22,4.22,4.49,4.06,4.06,2.7,3.65,3.64,4.64,3.68,3.68,3.79,3.78,3.78,3.78,3.78,3.37,3.67,3.29,7.24,10.24,4.29,2.29,2.39,2.58,3.58,2.51,1.62,2.29,2.41,2.28,2.41,12.23,4.36,3.41,2.43,2.42,2.42
2.09,1.17,1.88,1.62,1.36,1.56,1.56,1.56,2.56,2.56,2.38,1.44,2.33,2.07,2.18,2.07,2.29,2.07,2.1,2.21,2.1,3.1,2.21,3.1,2.92,2.17,2.14,5.14,5.48,4.26,1.14,1.48,1.1,2.32,2.39,1.1,1.48,1.48,1.28,1.63,6.86,2.74,2.74,1.74,1.92,1.92
2.26,2.02,1.26,2.18,1.65,1.65,2.06,2.06,2.44,3.44,3.9,3.14,3.14,2.21,2.62,2.39,3.39,2.98,2.98,3.2,3.02,3.02,3.02,3.02,2.67,2.86,2.7,6.1,9.1,3.7,1.7,1.74,1.82,2.82,2.05,1.41,1.7,2.03,1.91,2.03,9.67,3.44,3.03,2.27,2.26,2.26
2.42,1.88,2.16,2.12,2.02,2.22,2.22,2.22,3.22,3.22,3.15,2.54,2.89,2.29,2.95,2.29,3.6,2.29,2.49,3.14,2.49,3.49,3.14,3.49,3.42,2.88,2.75,5.75,7.71,5.4,1.75,1.49,1.49,3.8,2.76,1.49,1.73,2.39,1.56,1.7,8,3.35,3.35,2.35,2.42,2.42
2.51,2.05,2.23,2.24,2.14,2.37,2.37,2.37,3.37,3.37,3.33,2.8,3.02,2.35,3.13,2.35,3.91,2.35,2.58,3.37,2.58,3.58,3.37,3.58,3.54,3.05,2.9,5.9,8.24,5.68,1.9,1.58,1.58,4.15,2.77,1.58,1.74,2.52,1.63,1.71,8.28,3.5,3.5,2.5,2.54,2.54
2.13,1.25,1.91,1.68,1.58,1.63,1.63,1.63,2.63,2.63,2.47,1.57,2.4,2.09,2.27,2.09,2.44,2.09,2.15,2.32,2.15,3.15,2.32,3.15,2.98,2.25,2.22,5.22,5.74,4.39,1.22,1.15,1.15,2.5,3.36,1.15,1.72,1.9,1.31,1.64,6.99,2.82,2.82,1.82,1.98,1.98
2.08,1.14,1.87,1.61,1.51,1.53,1.53,1.53,2.53,2.53,2.35,1.41,2.32,2.06,2.15,2.06,2.25,2.06,2.09,2.18,2.09,3.09,2.18,3.09,2.91,2.14,2.12,5.12,5.41,4.22,1.12,1.09,1.09,2.27,2.76,1.09,1.72,1.82,1.27,1.63,6.82,2.72,2.72,1.72,1.91,1.91
2.16,1.49,1.93,1.54,1.46,1.69,1.69,1.69,2.69,2.23,3.1,2.23,2.44,1.43,2.15,2.08,2.08,2.08,2.18,2.4,2.65,3.18,2.4,3.18,3.02,2.31,2.27,5.27,5.93,4.49,1.27,1.53,1.18,2.62,2.18,1.18,1.53,1.53,1.33,1.65,7.09,2.87,2.87,2.3,2.02,2.02
2.34,2.07,1.28,2.22,1.66,1.66,2.12,2.12,2.51,3.51,3.95,3.22,3.22,2.26,2.71,2.5,3.5,3.04,3.04,3.25,3.08,3.08,3.08,3.08,2.73,2.93,2.75,6.2,9.2,3.75,1.75,1.79,1.88,2.88,2.52,1.43,1.75,2.07,1.93,2.07,9.89,3.52,3.07,2.28,2.28,2.28
2.12,1.58,1.89,1.66,1.6,1.89,1.89,1.89,2.89,2.5,3.27,2.5,2.61,1.66,2.54,2.28,2.28,2.28,3.13,2.68,2.75,3.13,2.68,3.3,3,3.46,2.8,5.96,7.19,4.83,1.61,1.61,1.61,2.38,2.64,1.3,1.61,1.61,1.42,1.61,9,3,2.61,2.43,2.2,2.89
2.75,2.34,2.1,2.47,1.72,1.86,2.86,2.32,3.01,3.84,4.2,3.62,3.01,2.46,3.16,3.03,4.03,3.34,3.34,3.63,3.41,3.63,3.41,3.41,3.31,3.28,3,6.69,9.69,5.11,1.77,2.07,1.77,3.15,3.17,1.77,2,2.23,2.04,1.77,9.46,3.46,2.77,2.67,2.26,3.1
2.17,1.34,1.95,1.74,1.48,1.72,1.72,1.72,2.72,2.72,2.57,1.71,2.47,2.12,2.37,2.12,2.61,2.12,2.2,2.44,2.2,3.2,2.44,3.2,3.04,2.34,2.29,5.29,6.02,4.54,1.29,1.54,1.2,2.68,2.95,1.2,1.54,1.54,1.35,1.65,7.14,2.89,2.89,1.89,2.04,2.04
2.29,1.59,2.05,1.92,1.64,1.95,1.95,1.95,2.95,2.95,2.84,2.1,2.66,2.2,2.64,2.2,3.07,2.2,2.33,2.77,2.33,3.33,2.77,3.33,3.22,2.59,2.51,5.51,6.81,4.94,1.51,1.64,1.33,3.2,3.17,1.33,1.64,1.64,1.45,1.67,7.54,3.11,3.11,2.11,2.22,2.22
2.27,1.6,1.91,1.68,1.65,1.62,2.62,2.14,2.55,3.45,3.9,3.15,2.55,2.22,2.63,2.4,3.4,2.98,3.15,3.18,2.77,3.18,3.22,3.81,3.03,3.46,2.83,6.07,7.25,4.83,1.63,1.74,1.63,2.45,3.42,1.63,1.7,2.04,1.44,1.63,9.04,3.04,2.63,2.45,2.2,2.91
2.92,2.45,1.37,2.57,1.74,1.74,2.53,2.53,2.99,3.99,4.31,3.78,3.78,2.55,3.34,3.26,4.26,3.47,3.47,3.61,3.55,3.55,3.55,3.55,3.16,3.42,3.11,6.9,9.9,4.11,2.11,2.19,2.35,3.35,2.21,1.56,2.11,2.29,2.06,2.29,11.45,4.08,3.29,2.38,2.37,2.37
1.77,1.48,1.76,1.52,1.45,1.45,2.45,2,2.21,2.21,3.09,2.21,2.21,1.41,2.12,2.07,2.07,2.07,2.99,2.85,2.64,2.85,2.87,3.66,2.83,3.44,2.63,5.25,6.83,4.63,1.52,1.52,1.52,1.94,3.33,1.52,1.52,1.52,1.33,1.52,8.73,2.73,2.52,2.29,2.16,2.76
1.62,1.6,1.16,1.79,1.56,1.56,1.6,1.6,1.91,2.91,3.5,2.52,2.52,1.89,1.93,1.55,2.55,2.5,2.5,2.8,2.51,2.51,2.51,2.51,2.2,2.31,2.3,5.34,8.34,3.3,1.3,1.3,1.31,2.31,3.68,1.27,1.3,1.78,1.46,1.78,7.95,2.82,2.78,2.16,2.16,2.16
2.46,1.76,2.19,1.9,1.87,2.29,2.29,2.29,3.29,3.04,3.62,3.04,2.94,2.11,3.32,2.67,2.67,2.67,2.53,3.24,2.95,3.53,3.24,3.53,3.47,2.96,2.82,5.82,7.95,5.53,1.82,1.78,1.53,3.95,2.87,1.53,1.78,1.78,1.59,1.71,8.13,3.42,3.42,2.69,2.47,2.47
2.1,1.58,1.88,1.65,1.59,1.88,1.88,1.88,2.88,2.49,3.26,2.49,2.6,1.64,2.52,2.27,2.27,2.27,3.12,2.66,2.74,3.12,2.66,3.29,2.99,3.46,2.79,5.92,7.17,4.81,1.61,1.61,1.61,2.36,3.11,1.29,1.61,1.61,1.41,1.61,8.98,2.98,2.61,2.42,2.19,2.88
2.43,1.9,2.17,2.13,1.84,2.24,2.24,2.24,3.24,3.24,3.17,2.57,2.9,2.3,2.97,2.3,3.64,2.3,2.5,3.17,2.5,3.5,3.17,3.5,3.43,2.9,2.77,5.77,7.77,5.44,1.77,1.75,1.5,3.84,2.74,1.5,1.75,1.75,1.57,1.7,8.04,3.37,3.37,2.37,2.43,2.43
2.93,1.81,2.18,1.97,1.95,1.95,2.95,2.39,3.19,3.19,3.71,3.19,3.19,2.24,3.54,2.78,2.78,2.78,3.46,3.8,3,3.8,3.88,4.08,3.42,3.5,3.22,7.62,8.02,5.22,1.82,1.82,1.82,3.42,3.32,1.82,1.82,1.82,1.64,1.82,9.62,3.62,2.82,2.76,2.28,3.18
2.51,2.06,2.23,2.25,1.94,2.38,2.38,2.38,3.38,3.38,3.34,2.81,3.02,2.35,3.14,2.35,3.93,2.35,2.59,3.38,2.59,3.59,3.38,3.59,3.55,3.06,2.9,5.9,8.27,5.69,1.9,1.81,1.59,4.16,2.56,1.59,1.81,1.81,1.63,1.71,8.29,3.5,3.5,2.5,2.55,2.55
2.58,2.23,1.32,2.37,1.69,1.78,2.78,2.26,2.85,3.71,4.1,3.45,2.85,2.38,2.97,2.81,3.81,3.22,3.22,3.47,3.28,3.47,3.28,3.28,2.91,3.14,2.9,6.49,9.49,5.01,1.72,1.96,1.72,2.91,3.1,1.72,1.9,2.16,1.95,1.72,9.31,3.75,3.16,2.32,2.32,2.32
2.67,1.74,2.09,1.87,1.84,2.23,2.23,2.23,3.23,2.97,3.57,2.97,2.9,2.05,3.22,2.62,2.62,2.62,3.35,3.16,2.92,3.58,3.16,3.5,3.29,3.49,3.09,7.08,7.75,5.43,1.75,1.75,1.75,3.08,2.98,1.5,1.75,1.75,1.57,1.75,9.42,3.42,2.75,2.65,2.25,3.09
1.62,1.44,1.71,1.47,1.38,1.58,1.58,1.58,2.58,2.08,3,2.08,2.35,1.3,1.93,1.97,1.97,1.97,2.92,2.24,2.6,2.72,2.24,3.11,2.75,3.43,2.55,4.93,6.68,4.55,1.48,1.48,1.48,1.74,3.18,1.48,1.48,1.48,1.29,1.48,8.61,2.61,2.48,2.22,2.15,2.71
1.73,1.67,1.18,1.86,1.57,1.57,1.68,1.68,2,3,3.56,2.62,2.62,1.94,2.04,1.69,2.69,2.58,2.58,2.86,2.59,2.59,2.59,2.59,2.28,2.4,2.36,5.47,8.47,3.36,1.36,1.37,1.39,2.39,2.24,1.29,1.36,1.82,1.79,1.82,8.23,2.92,2.82,2.18,2.18,2.18
1.67,1.45,1.73,1.48,1.4,1.4,2.4,1.97,2.12,2.12,3.03,2.12,2.12,1.33,1.99,2,2,2,2.94,2.76,2.61,2.76,2.78,3.63,2.77,3.44,2.57,5.03,6.72,4.57,1.5,1.43,1.5,1.8,2.32,1.5,1.42,1.86,1.3,1.5,8.65,2.65,2.5,2.24,2.15,2.73
1.82,1.5,1.78,1.54,1.47,1.47,2.47,2.02,2.25,2.25,3.11,2.25,2.25,1.45,2.18,2.1,2.1,2.1,3.01,2.89,2.66,2.89,2.92,3.68,2.85,3.44,2.65,5.35,6.89,4.65,1.54,1.54,1.54,2,2.9,1.54,1.54,1.54,1.34,1.54,8.77,2.77,2.54,2.31,2.17,2.78
2.05,1.88,1.23,2.05,1.62,1.52,2.52,2.06,2.35,3.27,3.77,2.94,2.35,2.11,2.4,2.11,3.11,2.82,2.82,2.98,2.85,2.98,2.85,2.85,2.52,2.68,2.57,5.85,8.85,4.71,1.56,1.59,1.56,2.14,2.24,1.56,1.57,1.95,1.68,1.56,8.85,3.24,2.95,2.23,2.23,2.23
1.8,1.45,1.72,1.48,1.58,1.39,2.39,1.96,2.11,3.06,3.61,2.69,2.11,1.98,2.12,1.78,2.78,2.63,2.93,2.75,2.61,2.75,2.76,3.62,2.76,3.43,2.56,4.99,6.71,4.56,1.49,1.42,1.49,1.78,2.21,1.49,1.41,1.85,1.29,1.49,8.63,2.63,2.49,2.23,2.15,2.72
2.31,1.64,2.06,1.95,1.85,1.99,1.99,1.99,2.99,2.99,2.88,2.16,2.7,2.22,2.68,2.22,3.15,2.22,2.36,2.82,2.36,3.36,2.82,3.36,3.25,2.64,2.54,5.54,6.94,5.01,1.54,1.36,1.36,3.29,2.91,1.36,1.73,2.2,1.46,1.68,7.61,3.14,3.14,2.14,2.25,2.25
